user_id,number_clicks,session_duration,converted
1,12,1,1
1,7,7,1
1,2,2,1
1,12,2,1
1,12,2,1
1,6,7,1
1,1,11,1
1,12,2,1
1,2,2,1
1,1,3,1
1,8,6,1
1,1,1,1
1,2,12,1
1,2,12,1
1,1,12,1
1,2,2,1
1,12,2,1
1,12,2,1
1,7,7,1
1,12,2,1
1,2,2,1
1,2,2,1
1,7,7,1
1,2,12,1
1,12,2,1
1,12,2,1
1,1,13,1
1,6,8,1
1,3,2,1
1,2,2,1
1,2,11,1
1,2,2,1
1,7,7,1
1,12,2,1
1,12,1,1
1,2,2,1
1,2,2,1
1,7,7,1
1,1,13,1
1,2,12,1
1,12,2,1
1,1,13,1
1,2,3,1
1,7,8,1
1,3,2,1
1,2,12,1
1,8,6,1
1,2,12,1
1,12,2,1
1,2,13,1
1,2,2,1
1,1,2,1
1,6,8,1
1,12,2,1
1,12,2,1
1,2,13,1
1,2,13,1
1,8,8,1
1,7,8,1
1,12,2,1
1,7,7,1
1,1,11,1
1,3,2,1
1,12,2,1
1,2,2,1
1,12,2,1
1,7,7,1
1,12,2,1
1,7,7,1
1,1,12,1
1,12,12,1
1,13,13,1
1,13,13,1
1,12,11,1
1,12,12,1
1,12,12,1
1,12,11,1
1,12,12,1
1,12,12,1
1,11,11,1
2,12,2,1
2,2,2,1
2,2,11,1
2,12,12,1
2,12,12,1
2,12,12,1
2,12,12,1
2,12,13,1
2,11,11,1
2,12,12,1
2,12,11,1
2,12,12,1
2,12,12,1
2,12,12,1
2,11,11,1
2,12,11,1
2,12,12,1
2,12,13,1
2,12,12,1
2,12,12,1
2,12,12,1
2,12,12,1
2,12,12,1
2,12,11,1
2,12,11,1
2,12,12,1
2,12,12,1
2,12,11,1
2,11,11,1
2,12,12,1
2,12,12,1
2,12,11,1
2,12,12,1
2,11,11,1
2,12,12,1
2,13,13,1
2,12,12,1
2,12,12,1
2,12,12,1
2,12,12,1
2,12,12,1
2,12,11,1
2,12,12,1
2,12,12,1
2,11,12,1
2,13,13,1
2,12,13,1
2,12,12,1
2,13,13,1
2,12,12,1
2,12,13,1
2,12,13,1
2,12,12,1
2,12,11,1
2,11,12,1
2,12,12,1
2,11,12,1
2,12,12,1
2,12,12,1
2,12,12,1
2,12,12,1
2,12,12,1
2,12,12,1
2,12,12,1
2,12,12,1
2,12,12,1
2,12,12,1
2,12,13,1
2,12,13,1
3,12,2,1
3,3,2,1
3,3,12,1
3,6,8,1
3,12,12,1
3,12,13,1
3,13,13,1
3,12,12,1
3,12,12,1
3,12,12,1
3,12,12,1
3,12,12,1
3,12,12,1
3,12,12,1
3,12,11,1
3,12,12,1
3,12,11,1
3,12,11,1
3,13,13,1
3,12,13,1
3,13,13,1
3,12,12,1
3,12,12,1
3,12,12,1
3,12,12,1
3,12,11,1
3,12,12,1
3,12,12,1
3,12,12,1
3,11,11,1
3,12,12,1
3,11,11,1
3,12,12,1
3,12,12,1
3,12,12,1
3,12,12,1
3,12,12,1
3,12,12,1
3,13,13,1
3,12,13,1
3,12,12,1
3,12,12,1
3,12,11,1
3,12,12,1
3,12,12,1
3,12,12,1
3,12,12,1
3,12,13,1
3,12,12,1
3,12,11,1
3,12,12,1
3,12,12,1
3,12,12,1
3,13,13,1
4,12,2,1
4,2,2,1
4,12,2,1
4,11,11,1
4,12,12,1
4,12,12,1
4,12,12,1
5,12,2,1
5,2,2,1
5,2,2,1
5,0,12,1
5,3,2,1
5,12,2,1
5,12,2,1
5,3,12,1
5,1,2,1
5,7,7,1
5,0,12,1
5,12,13,1
5,12,12,1
5,12,12,1
5,13,13,1
5,12,13,1
5,12,12,1
5,12,12,1
5,12,12,1
5,12,13,1
5,12,12,1
5,12,12,1
5,12,12,1
5,12,12,1
5,12,12,1
5,11,11,1
5,12,12,1
5,13,12,1
5,12,12,1
6,1,3,1
6,2,2,1
6,2,12,1
6,2,2,1
6,2,2,1
6,3,12,1
6,12,11,1
6,12,11,1
6,12,12,1
6,12,12,1
6,13,13,1
6,13,13,1
6,12,13,1
6,12,11,1
6,12,13,1
6,12,12,1
6,12,12,1
6,12,11,1
6,13,13,1
6,11,12,1
6,12,12,1
6,12,12,1
6,12,13,1
6,12,12,1
6,12,12,1
6,12,12,1
6,12,12,1
6,12,12,1
6,12,12,1
6,13,13,1
6,12,12,1
6,12,12,1
6,12,12,1
6,12,12,1
6,12,13,1
6,12,12,1
6,12,13,1
6,12,12,1
6,12,12,1
6,12,11,1
6,12,13,1
6,12,12,1
6,12,12,1
6,11,11,1
7,2,2,1
7,1,12,1
7,12,13,1
7,12,12,1
7,12,13,1
7,12,12,1
7,12,11,1
7,12,13,1
7,12,12,1
7,12,12,1
7,11,12,1
7,12,11,1
7,12,12,1
7,12,12,1
7,12,13,1
7,12,13,1
7,12,12,1
7,12,12,1
7,12,12,1
7,12,12,1
7,12,12,1
7,12,13,1
7,13,12,1
7,12,12,1
7,12,12,1
7,12,12,1
7,12,12,1
7,11,11,1
7,12,12,1
7,12,12,1
7,12,13,1
7,12,13,1
7,12,12,1
7,13,13,1
7,11,12,1
7,13,13,1
7,13,12,1
7,12,12,1
7,12,12,1
7,12,12,1
7,12,12,1
7,12,12,1
7,12,12,1
7,12,12,1
7,12,12,1
7,12,12,1
8,2,1,1
8,1,13,1
8,2,2,1
8,12,2,1
8,2,12,1
8,12,2,1
8,2,12,1
8,1,13,1
8,2,11,1
8,7,7,1
8,12,2,1
8,1,3,1
8,1,2,1
8,12,13,1
8,12,12,1
8,12,12,1
8,12,12,1
8,12,12,1
8,12,12,1
8,12,12,1
8,12,12,1
8,12,13,1
8,12,11,1
8,12,12,1
8,12,12,1
8,11,11,1
8,12,12,1
8,12,12,1
8,12,12,1
8,12,11,1
8,12,12,1
8,12,12,1
8,11,11,1
8,12,12,1
8,12,12,1
8,12,12,1
8,12,12,1
8,12,12,1
8,12,13,1
8,12,13,1
8,12,12,1
8,12,12,1
8,12,12,1
8,11,12,1
8,12,12,1
8,12,13,1
8,13,13,1
8,12,12,1
8,12,12,1
8,12,12,1
8,13,13,1
8,12,12,1
8,12,13,1
8,12,12,1
8,11,11,1
8,11,11,1
8,12,13,1
8,12,12,1
8,12,11,1
8,12,12,1
8,12,12,1
8,12,11,1
8,12,12,1
8,11,11,1
8,13,13,1
8,13,13,1
8,12,11,1
8,12,12,1
8,12,12,1
8,12,11,1
8,13,13,1
8,12,11,1
8,12,12,1
8,12,11,1
8,11,12,1
8,12,13,1
8,12,12,1
8,12,12,1
8,12,12,1
8,12,13,1
8,12,11,1
8,12,12,1
8,12,13,1
8,12,11,1
8,12,13,1
8,13,13,1
8,12,12,1
8,12,12,1
9,2,2,1
9,12,2,1
9,12,2,1
9,12,2,1
9,2,12,1
9,2,2,1
9,12,2,1
9,2,2,1
9,12,2,1
9,7,7,1
9,7,7,1
9,2,12,1
9,3,3,1
9,12,2,1
9,13,2,1
9,12,12,1
9,11,11,1
9,12,12,1
9,12,11,1
9,12,12,1
9,12,12,1
9,12,12,1
9,12,12,1
9,11,11,1
9,12,11,1
9,12,12,1
9,12,12,1
9,12,12,1
9,12,12,1
9,12,12,1
9,12,13,1
9,12,12,1
9,12,13,1
9,12,12,1
9,13,13,1
9,12,12,1
9,12,13,1
9,13,13,1
9,12,13,1
9,12,12,1
9,12,12,1
9,12,12,1
9,13,12,1
10,7,7,1
10,7,7,1
10,12,1,1
10,12,12,1
10,12,13,1
10,12,13,1
10,13,13,1
10,12,12,1
10,11,11,1
10,12,12,1
10,12,12,1
10,12,12,1
10,13,12,1
10,12,12,1
10,12,13,1
10,12,11,1
10,12,13,1
10,12,12,1
10,12,12,1
10,12,12,1
10,12,12,1
10,12,12,1
10,12,12,1
10,12,12,1
10,12,12,1
10,13,12,1
10,11,11,1
10,12,12,1
10,12,12,1
10,12,11,1
10,13,13,1
10,13,13,1
10,12,12,1
10,12,12,1
10,12,12,1
10,11,11,1
10,12,11,1
10,12,12,1
10,12,12,1
10,12,12,1
10,12,12,1
10,12,12,1
10,12,11,1
10,12,12,1
10,12,13,1
10,12,12,1
10,12,12,1
10,11,11,1
10,12,12,1
10,13,13,1
10,12,12,1
10,13,13,1
10,12,12,1
10,12,13,1
10,12,12,1
10,12,12,1
10,12,11,1
10,12,12,1
10,12,12,1
10,12,12,1
11,2,12,1
11,12,2,1
11,7,7,1
11,12,2,1
11,12,12,1
11,11,11,1
11,13,13,1
11,11,12,1
11,12,11,1
11,12,12,1
11,13,13,1
11,12,12,1
11,12,12,1
11,12,12,1
11,12,12,1
11,12,12,1
11,12,12,1
11,12,13,1
11,12,11,1
11,12,12,1
12,2,2,1
12,3,2,1
12,12,12,1
12,12,13,1
12,12,11,1
13,2,12,1
13,12,3,1
13,12,2,1
13,6,6,1
13,12,2,1
13,11,11,1
13,11,12,1
13,12,12,1
13,13,13,1
13,11,12,1
13,12,12,1
13,12,12,1
13,11,11,1
13,12,12,1
13,12,12,1
13,13,13,1
13,12,11,1
13,12,12,1
13,12,12,1
13,12,12,1
13,12,12,1
13,12,11,1
13,12,12,1
13,12,12,1
13,12,12,1
13,12,11,1
13,12,12,1
13,12,12,1
13,12,12,1
13,11,11,1
13,12,12,1
13,12,12,1
13,12,12,1
13,13,13,1
13,12,12,1
13,11,11,1
13,13,13,1
13,12,12,1
14,12,2,1
14,7,6,1
14,1,13,1
14,3,2,1
14,8,6,1
14,1,11,1
14,3,2,1
14,2,11,1
14,2,2,1
14,12,2,1
14,12,3,1
14,7,7,1
14,8,7,1
14,3,11,1
14,12,2,1
14,1,12,1
14,2,12,1
14,12,1,1
14,7,7,1
14,1,11,1
14,12,2,1
14,6,8,1
14,12,2,1
14,1,2,1
14,8,7,1
14,2,2,1
14,2,2,1
14,7,7,1
14,12,2,1
14,1,12,1
14,1,12,1
14,12,2,1
14,2,12,1
14,12,2,1
14,3,12,1
14,12,2,1
14,2,12,1
14,2,13,1
14,2,2,1
14,2,13,1
14,12,2,1
14,12,2,1
14,12,1,1
14,2,2,1
14,1,13,1
14,2,2,1
14,11,11,1
14,12,12,1
14,11,11,1
14,12,11,1
14,12,13,1
14,12,12,1
14,13,12,1
14,12,12,1
14,12,12,1
14,12,12,1
14,12,12,1
14,12,12,1
14,12,11,1
14,12,12,1
14,12,13,1
15,12,1,1
15,1,2,1
15,12,2,1
15,12,2,1
15,6,8,1
15,2,2,1
15,1,12,1
15,12,2,1
15,12,2,1
15,2,12,1
15,7,7,1
15,12,2,1
15,2,13,1
15,12,2,1
15,12,2,1
15,2,12,1
15,6,7,1
15,1,12,1
15,12,2,1
15,7,7,1
15,7,7,1
15,1,12,1
15,7,8,1
15,1,13,1
15,12,2,1
15,12,2,1
15,2,2,1
15,7,8,1
15,1,12,1
15,12,2,1
15,7,7,1
15,6,8,1
15,8,7,1
15,7,7,1
15,2,1,1
15,2,13,1
15,2,2,1
15,7,7,1
15,2,2,1
15,12,2,1
15,12,2,1
15,1,13,1
15,12,2,1
15,8,6,1
15,1,12,1
15,12,2,1
15,8,8,1
15,1,12,1
15,2,3,1
15,2,12,1
15,7,7,1
15,12,2,1
15,8,7,1
15,2,12,1
15,12,2,1
15,0,12,1
15,2,2,1
15,7,6,1
15,7,6,1
15,12,1,1
15,12,12,1
15,12,11,1
15,12,12,1
15,12,12,1
15,13,12,1
15,11,11,1
15,12,12,1
15,12,12,1
15,12,12,1
15,12,11,1
15,12,12,1
15,12,12,1
15,11,11,1
15,11,11,1
15,12,12,1
15,12,12,1
15,12,12,1
15,12,13,1
15,12,12,1
15,13,13,1
15,12,12,1
15,12,12,1
15,12,12,1
15,12,12,1
16,12,2,1
16,6,8,1
16,12,2,1
16,7,6,1
16,7,7,1
16,2,2,1
16,1,11,1
16,12,2,1
16,3,12,1
16,7,7,1
16,2,13,1
16,1,13,1
16,7,6,1
16,2,13,1
16,12,2,1
16,1,13,1
16,2,12,1
16,12,2,1
16,3,12,1
16,2,2,1
16,12,12,1
16,12,12,1
16,13,13,1
16,12,12,1
16,12,12,1
16,12,12,1
16,12,12,1
16,13,13,1
16,11,11,1
16,11,11,1
16,12,12,1
16,12,12,1
16,12,12,1
16,12,12,1
16,12,12,1
16,12,12,1
16,12,12,1
16,12,12,1
16,13,12,1
16,12,12,1
16,13,13,1
16,11,11,1
16,12,12,1
16,12,12,1
16,12,12,1
16,11,11,1
16,12,12,1
16,12,11,1
16,12,12,1
16,12,11,1
16,12,12,1
16,13,12,1
16,11,11,1
16,12,12,1
16,11,11,1
16,12,13,1
16,12,12,1
16,12,11,1
16,12,11,1
16,12,12,1
16,12,12,1
16,12,12,1
17,3,11,1
17,7,7,1
17,12,2,1
17,2,1,1
17,2,3,1
17,12,2,1
17,12,2,1
17,2,12,1
17,12,2,1
17,12,2,1
17,2,3,1
17,12,2,1
17,12,2,1
17,7,7,1
17,8,8,1
17,2,2,1
17,12,2,1
17,6,6,1
17,2,2,1
17,2,12,1
17,2,2,1
17,1,2,1
17,12,2,1
17,2,3,1
17,3,12,1
17,12,2,1
17,7,6,1
17,2,2,1
17,12,2,1
17,1,2,1
17,2,1,1
17,12,2,1
17,12,2,1
17,7,6,1
17,6,7,1
17,3,12,1
17,2,12,1
17,3,11,1
17,12,2,1
17,2,1,1
17,12,2,1
17,2,13,1
17,7,8,1
17,2,2,1
17,12,2,1
17,2,2,1
17,2,12,1
17,9,7,1
17,2,12,1
17,7,7,1
17,12,2,1
17,6,7,1
17,1,1,1
17,12,2,1
17,8,7,1
17,2,2,1
17,1,12,1
17,12,12,1
17,12,13,1
17,12,12,1
17,12,11,1
17,12,12,1
17,11,11,1
17,12,11,1
17,13,13,1
17,12,11,1
17,12,12,1
17,13,13,1
17,12,12,1
17,12,12,1
17,12,12,1
17,13,13,1
17,12,12,1
17,12,12,1
17,12,12,1
17,12,12,1
17,12,13,1
17,12,12,1
17,12,13,1
17,12,12,1
17,12,13,1
17,12,13,1
18,7,8,1
18,12,1,1
18,2,12,1
18,12,2,1
18,2,13,1
18,7,7,1
18,12,2,1
18,2,2,1
18,2,2,1
18,2,2,1
18,1,2,1
18,7,7,1
18,12,2,1
18,12,1,1
18,12,2,1
18,12,2,1
18,8,7,1
18,12,2,1
18,2,2,1
18,12,2,1
18,2,2,1
18,12,2,1
18,3,2,1
18,7,7,1
18,1,2,1
18,2,3,1
18,1,12,1
18,1,11,1
18,12,2,1
18,2,12,1
18,7,7,1
18,2,2,1
18,12,2,1
18,2,11,1
18,12,2,1
18,7,7,1
18,12,2,1
18,2,2,1
18,12,2,1
18,7,7,1
18,6,7,1
18,1,12,1
18,8,7,1
18,2,11,1
18,2,2,1
18,12,2,1
18,12,2,1
18,2,2,1
18,7,7,1
18,2,12,1
18,2,13,1
18,13,2,1
18,2,12,1
18,12,2,1
18,2,2,1
18,7,7,1
18,7,6,1
18,12,2,1
18,7,7,1
18,7,7,1
18,1,12,1
18,6,7,1
18,7,7,1
18,2,3,1
18,2,13,1
18,7,8,1
18,2,12,1
18,2,2,1
18,2,1,1
18,2,2,1
18,3,3,1
18,12,2,1
18,2,2,1
18,2,12,1
18,2,2,1
18,6,7,1
18,2,1,1
18,3,3,1
18,8,6,1
18,12,3,1
18,6,8,1
18,2,11,1
18,3,2,1
18,1,2,1
18,2,2,1
18,12,2,1
18,11,11,1
18,12,12,1
18,12,12,1
18,12,12,1
19,2,12,1
19,2,12,1
19,12,2,1
19,12,12,1
19,11,11,1
19,12,12,1
19,12,12,1
19,12,12,1
19,12,12,1
19,11,11,1
19,12,12,1
19,12,12,1
19,12,13,1
19,12,12,1
19,12,12,1
19,11,11,1
19,11,12,1
19,12,12,1
19,12,11,1
19,12,13,1
19,12,12,1
19,12,12,1
19,12,12,1
19,12,12,1
19,12,12,1
19,12,12,1
19,12,12,1
19,11,12,1
19,12,12,1
19,11,11,1
19,12,12,1
19,11,11,1
19,12,12,1
19,12,13,1
19,12,13,1
20,12,2,1
20,2,2,1
20,12,2,1
20,12,2,1
20,7,6,1
20,2,2,1
20,1,12,1
20,12,2,1
20,12,2,1
20,12,2,1
20,12,2,1
20,7,7,1
20,12,2,1
20,12,2,1
20,2,12,1
20,2,13,1
20,12,2,1
20,8,6,1
20,1,12,1
20,2,11,1
20,12,2,1
20,2,2,1
20,7,7,1
20,12,2,1
20,12,2,1
20,1,11,1
20,7,7,1
20,2,2,1
20,12,1,1
20,6,7,1
20,2,12,1
20,12,2,1
20,2,2,1
20,12,2,1
20,3,12,1
20,12,3,1
20,2,2,1
20,2,2,1
20,1,3,1
20,1,13,1
20,13,2,1
20,2,12,1
20,2,12,1
20,7,7,1
20,3,1,1
20,1,2,1
20,1,12,1
20,2,13,1
20,2,2,1
20,7,8,1
20,7,7,1
20,8,7,1
20,12,2,1
20,12,2,1
20,2,2,1
20,2,12,1
20,2,11,1
20,7,6,1
20,12,1,1
20,13,13,1
20,12,13,1
20,12,11,1
20,12,12,1
20,12,11,1
20,12,12,1
20,11,12,1
20,12,12,1
20,12,12,1
20,12,12,1
20,12,12,1
20,11,11,1
20,12,12,1
20,13,13,1
20,12,12,1
20,12,11,1
20,12,12,1
20,12,12,1
20,11,11,1
20,12,12,1
20,13,13,1
20,12,12,1
21,7,7,1
21,12,2,1
21,12,2,1
21,2,2,1
21,12,2,1
21,12,2,1
21,1,12,1
21,3,2,1
21,12,2,1
21,2,2,1
21,12,2,1
21,12,2,1
21,3,2,1
21,12,2,1
21,12,2,1
21,12,2,1
21,7,7,1
21,13,2,1
21,2,2,1
21,2,2,1
21,1,12,1
21,7,6,1
21,2,2,1
21,12,2,1
21,1,11,1
21,2,2,1
21,1,2,1
21,12,2,1
21,7,7,1
21,7,6,1
21,12,2,1
21,12,2,1
21,2,11,1
21,12,1,1
21,2,12,1
21,2,12,1
21,7,8,1
21,7,6,1
21,12,2,1
21,3,2,1
21,12,2,1
21,12,2,1
21,6,7,1
21,7,7,1
21,1,13,1
21,2,2,1
21,12,2,1
21,2,1,1
21,7,6,1
21,3,1,1
21,13,13,1
21,12,12,1
21,12,13,1
21,12,12,1
21,12,12,1
21,12,12,1
21,12,11,1
21,11,11,1
21,12,12,1
21,12,12,1
21,13,13,1
21,12,12,1
21,12,13,1
21,12,12,1
21,12,13,1
21,12,12,1
21,12,13,1
21,12,12,1
21,12,11,1
21,12,12,1
21,12,13,1
21,12,11,1
21,11,11,1
22,2,13,1
22,12,2,1
22,2,12,1
22,1,12,1
22,2,12,1
22,12,2,1
22,1,12,1
22,3,11,1
22,12,2,1
22,12,2,1
22,7,7,1
22,7,7,1
22,7,7,1
22,1,12,1
22,1,12,1
22,12,2,1
22,12,2,1
22,1,2,1
22,2,11,1
22,2,2,1
22,12,2,1
22,11,2,1
22,7,7,1
22,8,7,1
22,12,2,1
22,7,6,1
22,1,12,1
22,12,2,1
22,12,2,1
22,2,12,1
22,2,12,1
22,2,2,1
22,12,11,1
22,12,12,1
22,12,11,1
22,12,12,1
22,12,12,1
22,12,12,1
22,12,12,1
22,12,12,1
22,12,12,1
22,12,11,1
22,12,12,1
22,11,12,1
22,13,12,1
22,12,12,1
22,12,13,1
22,13,12,1
22,11,11,1
22,12,13,1
22,12,12,1
22,12,12,1
22,12,12,1
22,12,12,1
22,12,11,1
22,12,12,1
22,12,12,1
22,13,12,1
22,12,12,1
22,12,12,1
22,13,12,1
22,12,12,1
22,12,12,1
22,12,12,1
22,12,12,1
23,3,13,1
23,2,12,1
23,6,7,1
23,12,1,1
23,3,2,1
23,2,13,1
23,3,12,1
23,12,1,1
23,12,2,1
23,12,2,1
23,7,7,1
23,12,2,1
23,3,2,1
23,7,7,1
23,12,2,1
23,2,2,1
23,1,2,1
23,3,2,1
23,2,11,1
23,2,2,1
23,2,12,1
23,7,7,1
23,12,2,1
23,12,1,1
23,1,11,1
23,7,7,1
23,2,2,1
23,12,12,1
23,12,13,1
23,12,12,1
23,12,12,1
23,12,12,1
23,12,11,1
23,13,13,1
23,12,12,1
23,11,12,1
23,13,12,1
23,12,12,1
23,12,12,1
23,12,12,1
23,12,12,1
23,12,12,1
23,12,12,1
23,12,12,1
23,12,12,1
23,12,12,1
23,12,12,1
23,12,13,1
23,13,13,1
23,12,11,1
23,12,12,1
23,12,12,1
23,12,12,1
23,12,11,1
23,12,11,1
23,12,12,1
24,3,2,1
24,12,2,1
24,2,12,1
24,12,2,1
24,2,2,1
24,1,12,1
24,1,12,1
24,7,7,1
24,12,2,1
24,12,2,1
24,2,2,1
24,0,13,1
24,2,12,1
24,7,7,1
24,2,1,1
24,2,2,1
24,1,2,1
24,2,3,1
24,3,2,1
24,1,11,1
24,1,2,1
24,2,2,1
24,12,2,1
24,2,2,1
24,1,12,1
24,12,2,1
24,7,7,1
24,1,3,1
24,12,2,1
24,1,2,1
24,8,7,1
24,3,13,1
24,7,7,1
24,12,2,1
24,3,2,1
24,1,12,1
24,7,7,1
24,3,2,1
24,7,7,1
24,2,2,1
24,7,7,1
24,2,12,1
24,2,12,1
24,12,2,1
24,7,8,1
24,12,2,1
24,7,6,1
24,1,12,1
24,7,7,1
24,12,12,1
24,12,12,1
24,12,12,1
24,12,12,1
24,12,12,1
24,12,12,1
24,11,11,1
24,11,11,1
24,12,12,1
24,12,13,1
24,12,13,1
24,12,12,1
24,12,12,1
24,11,12,1
24,11,11,1
24,12,12,1
24,12,12,1
24,11,11,1
24,12,12,1
24,12,12,1
24,12,12,1
24,12,12,1
24,11,11,1
24,12,12,1
24,12,13,1
24,12,12,1
24,11,11,1
24,12,12,1
24,12,11,1
24,12,12,1
24,12,12,1
24,12,13,1
24,12,12,1
24,12,12,1
24,12,12,1
24,12,12,1
25,12,2,1
25,12,1,1
25,12,12,1
25,12,12,1
25,12,11,1
25,11,12,1
25,12,12,1
25,12,12,1
25,12,11,1
25,11,11,1
25,13,12,1
25,12,12,1
25,11,11,1
25,12,12,1
25,12,11,1
25,12,12,1
25,12,12,1
25,12,12,1
25,12,13,1
25,12,13,1
25,12,12,1
26,2,13,1
26,2,13,1
26,1,13,1
26,3,2,1
26,2,2,1
26,1,12,1
26,12,12,1
27,6,7,1
27,12,2,1
27,2,2,1
27,7,6,1
27,12,2,1
27,1,12,1
27,12,2,1
27,2,1,1
27,7,6,1
27,12,2,1
27,12,2,1
27,12,2,1
27,2,2,1
27,1,2,1
27,8,6,1
27,3,1,1
27,12,2,1
27,2,2,1
27,1,2,1
27,12,2,1
27,2,2,1
27,2,2,1
27,13,2,1
27,12,2,1
27,6,7,1
27,2,1,1
27,1,12,1
27,2,12,1
27,2,2,1
27,12,2,1
27,7,8,1
27,3,2,1
27,1,12,1
27,7,6,1
27,7,6,1
27,7,8,1
27,12,3,1
27,13,2,1
27,7,7,1
27,2,13,1
27,8,6,1
27,2,2,1
27,7,7,1
27,6,8,1
27,2,2,1
27,3,2,1
27,8,7,1
27,12,2,1
27,12,2,1
27,7,7,1
27,2,12,1
27,2,2,1
27,2,2,1
27,1,3,1
27,11,12,1
27,12,13,1
27,12,12,1
27,11,12,1
27,12,12,1
27,12,12,1
27,12,12,1
27,12,12,1
27,12,12,1
27,12,12,1
27,12,12,1
27,12,12,1
27,13,13,1
27,13,13,1
27,12,12,1
27,12,12,1
27,12,12,1
27,12,12,1
27,12,12,1
27,12,11,1
27,12,12,1
27,13,13,1
27,12,12,1
28,7,7,1
28,12,2,1
28,2,2,1
28,1,2,1
28,7,7,1
28,7,6,1
28,7,7,1
28,1,12,1
28,2,12,1
28,3,2,1
28,7,7,1
28,7,8,1
28,12,2,1
28,2,12,1
28,12,2,1
28,8,7,1
28,7,7,1
28,6,7,1
28,7,6,1
28,12,12,1
28,12,12,1
28,12,12,1
28,12,12,1
29,2,2,1
29,12,2,1
29,2,12,1
29,12,1,1
29,1,12,1
29,6,8,1
29,2,2,1
29,2,2,1
29,12,2,1
29,2,12,1
29,7,7,1
29,8,7,1
29,2,3,1
29,12,2,1
29,1,2,1
29,2,2,1
29,12,11,1
29,12,12,1
29,12,12,1
29,12,12,1
29,13,13,1
29,12,12,1
29,12,12,1
29,12,13,1
29,12,13,1
29,11,11,1
29,12,12,1
29,12,12,1
29,12,12,1
29,12,13,1
30,2,2,1
30,6,7,1
30,12,3,1
30,2,2,1
30,1,13,1
30,2,2,1
30,12,1,1
30,3,2,1
30,8,7,1
30,6,8,1
30,12,2,1
30,2,1,1
30,12,2,1
30,1,2,1
30,3,2,1
30,1,11,1
30,2,12,1
30,1,12,1
30,7,6,1
30,2,3,1
30,12,2,1
30,12,2,1
30,2,2,1
30,2,12,1
30,2,3,1
30,2,2,1
30,12,2,1
30,2,2,1
30,3,12,1
30,1,12,1
30,12,2,1
30,12,12,1
30,12,12,1
30,12,12,1
30,12,12,1
30,12,12,1
30,11,11,1
30,12,12,1
30,12,12,1
30,12,11,1
30,12,13,1
30,12,11,1
30,12,13,1
30,12,13,1
30,13,13,1
30,13,12,1
30,12,12,1
30,12,12,1
30,12,12,1
30,12,12,1
30,12,12,1
30,12,13,1
30,12,11,1
30,12,12,1
30,11,11,1
30,12,12,1
30,12,12,1
30,12,11,1
30,13,13,1
30,12,12,1
30,12,13,1
30,11,12,1
30,11,11,1
30,12,12,1
30,12,12,1
30,12,12,1
30,12,12,1
30,12,12,1
31,1,2,1
31,7,7,1
31,12,2,1
31,1,12,1
31,6,7,1
31,12,2,1
31,12,2,1
31,6,7,1
31,2,11,1
31,12,2,1
31,1,12,1
31,2,12,1
31,7,7,1
31,2,2,1
31,3,2,1
31,2,13,1
31,13,12,1
31,12,12,1
31,12,12,1
31,12,12,1
31,12,12,1
31,12,12,1
31,13,12,1
31,12,13,1
31,12,12,1
31,12,13,1
31,11,11,1
31,12,12,1
31,13,12,1
31,12,12,1
31,12,12,1
31,12,12,1
31,12,12,1
31,12,12,1
31,11,11,1
31,12,12,1
31,12,12,1
31,12,12,1
31,12,13,1
31,12,13,1
31,12,12,1
31,13,13,1
31,12,12,1
31,13,13,1
31,12,12,1
31,12,13,1
31,12,12,1
31,12,12,1
31,12,12,1
31,12,12,1
31,12,12,1
31,12,12,1
31,13,13,1
31,12,12,1
31,12,11,1
31,12,12,1
31,12,13,1
31,12,13,1
31,11,12,1
31,12,11,1
31,12,12,1
31,12,12,1
31,12,12,1
31,12,12,1
31,12,11,1
31,12,12,1
31,12,12,1
31,12,12,1
31,12,12,1
31,12,12,1
31,12,12,1
31,13,13,1
31,12,12,1
31,11,11,1
31,12,12,1
31,13,13,1
31,12,12,1
31,12,12,1
31,12,11,1
31,12,12,1
31,12,11,1
31,12,13,1
31,12,12,1
31,12,12,1
31,12,12,1
31,11,12,1
32,12,2,1
32,1,2,1
32,0,12,1
32,1,12,1
32,2,12,1
32,1,2,1
32,2,2,1
32,12,2,1
32,1,2,1
32,2,2,1
32,2,12,1
32,2,2,1
32,2,2,1
32,6,7,1
32,2,12,1
32,6,6,1
32,2,12,1
32,2,13,1
32,2,2,1
32,12,2,1
32,1,13,1
32,2,2,1
32,12,2,1
32,12,2,1
32,12,11,1
32,12,12,1
32,12,11,1
32,12,12,1
32,11,11,1
32,12,12,1
32,12,12,1
32,12,12,1
32,12,12,1
32,11,11,1
32,12,12,1
32,11,11,1
32,13,13,1
32,13,13,1
32,11,12,1
32,12,12,1
32,13,13,1
32,12,12,1
32,12,12,1
32,12,12,1
32,12,12,1
32,12,13,1
32,12,12,1
32,11,11,1
32,11,10,1
32,12,12,1
32,12,12,1
32,12,12,1
32,12,12,1
32,12,12,1
32,12,12,1
32,12,12,1
32,11,11,1
32,12,11,1
32,12,13,1
32,12,12,1
32,12,12,1
32,12,12,1
32,12,12,1
32,12,12,1
32,12,12,1
32,12,12,1
32,12,13,1
32,12,12,1
32,12,12,1
32,12,12,1
32,12,12,1
32,12,12,1
32,12,12,1
32,12,13,1
32,12,12,1
32,12,11,1
32,12,11,1
32,12,12,1
32,11,11,1
32,12,12,1
32,12,12,1
32,13,13,1
32,11,11,1
32,12,12,1
32,13,13,1
32,13,14,1
32,12,12,1
32,13,13,1
32,12,12,1
32,12,11,1
33,2,2,1
33,2,12,1
33,1,13,1
33,12,2,1
33,8,7,1
33,12,2,1
33,3,2,1
33,6,8,1
33,12,2,1
33,2,12,1
33,1,11,1
33,3,13,1
33,7,6,1
33,2,2,1
33,12,2,1
33,12,2,1
33,12,2,1
33,8,7,1
33,2,2,1
33,1,12,1
33,2,12,1
33,7,7,1
33,2,2,1
33,5,7,1
33,7,8,1
33,2,1,1
33,6,7,1
33,8,7,1
33,2,12,1
33,1,13,1
33,12,2,1
33,7,7,1
33,1,12,1
33,12,2,1
33,2,2,1
33,7,7,1
33,12,12,1
33,12,11,1
33,12,12,1
33,12,12,1
33,11,12,1
33,12,11,1
33,12,12,1
33,12,12,1
33,12,12,1
33,12,13,1
33,12,12,1
33,12,13,1
33,12,12,1
34,2,13,1
34,1,12,1
34,12,2,1
34,3,2,1
34,1,2,1
34,12,2,1
34,2,12,1
34,1,12,1
34,1,3,1
34,2,1,1
34,7,6,1
34,3,2,1
34,1,12,1
34,7,8,1
34,12,2,1
34,1,3,1
34,8,8,1
34,12,2,1
34,7,6,1
34,12,2,1
34,6,7,1
34,12,12,1
34,12,12,1
34,12,12,1
34,12,12,1
34,11,12,1
34,12,12,1
34,12,12,1
34,12,12,1
34,12,12,1
34,12,12,1
34,11,11,1
34,12,12,1
34,13,13,1
34,13,12,1
34,12,12,1
34,13,13,1
34,12,12,1
34,12,12,1
34,12,11,1
34,13,13,1
34,11,12,1
34,12,11,1
34,12,12,1
34,12,12,1
34,12,12,1
34,12,12,1
34,12,12,1
34,12,12,1
34,11,11,1
34,12,12,1
35,8,6,1
35,2,12,1
35,12,2,1
35,12,2,1
35,7,7,1
35,6,7,1
35,12,2,1
35,2,3,1
35,12,2,1
35,1,2,1
35,7,6,1
35,1,12,1
35,2,12,1
35,8,7,1
35,2,12,1
35,1,2,1
35,12,12,1
35,12,11,1
35,12,12,1
35,13,12,1
35,12,12,1
36,1,12,1
36,2,2,1
36,12,2,1
36,6,7,1
36,1,12,1
36,1,12,1
36,7,7,1
36,12,2,1
36,1,2,1
36,2,12,1
36,6,7,1
36,12,2,1
36,7,7,1
36,3,2,1
36,12,2,1
36,6,8,1
36,7,7,1
36,2,2,1
36,12,2,1
36,12,2,1
36,2,12,1
36,12,2,1
36,3,2,1
36,3,12,1
36,6,8,1
36,2,2,1
36,12,2,1
36,7,7,1
36,12,2,1
36,2,12,1
36,3,2,1
36,2,3,1
36,12,2,1
36,2,2,1
36,12,2,1
36,2,2,1
36,2,13,1
36,12,2,1
36,2,3,1
36,2,2,1
36,12,3,1
36,2,2,1
36,3,13,1
36,2,12,1
36,7,7,1
36,1,1,1
36,12,2,1
36,7,7,1
36,7,7,1
36,6,7,1
36,12,3,1
36,2,1,1
36,12,2,1
36,2,12,1
36,1,12,1
36,12,1,1
36,2,2,1
36,2,2,1
36,12,2,1
36,12,12,1
36,11,11,1
36,12,12,1
36,12,11,1
36,12,12,1
36,12,12,1
36,12,12,1
36,12,13,1
36,12,11,1
36,12,13,1
36,12,12,1
36,12,12,1
36,12,12,1
36,12,12,1
37,6,8,1
37,1,12,1
37,2,13,1
37,1,2,1
37,12,2,1
37,12,2,1
37,12,2,1
37,7,7,1
37,3,1,1
37,6,8,1
37,7,7,1
37,1,2,1
37,7,7,1
37,12,2,1
37,3,2,1
37,2,12,1
37,8,7,1
37,12,2,1
37,2,12,1
37,2,2,1
37,12,2,1
37,7,7,1
37,2,2,1
37,7,7,1
37,3,12,1
37,1,3,1
37,12,2,1
37,7,8,1
37,12,2,1
37,12,11,1
37,12,13,1
37,12,13,1
38,12,2,1
38,6,8,1
38,2,2,1
38,7,7,1
38,2,2,1
38,2,12,1
38,12,2,1
38,12,12,1
38,12,12,1
38,12,12,1
38,11,11,1
38,12,11,1
38,12,12,1
38,12,12,1
38,12,11,1
39,1,13,1
39,12,2,1
39,2,2,1
39,12,2,1
39,7,7,1
39,3,2,1
39,1,11,1
39,6,7,1
39,12,2,1
39,2,11,1
39,12,3,1
39,7,7,1
39,12,2,1
39,7,7,1
39,2,12,1
39,1,1,1
39,1,2,1
39,7,7,1
39,6,8,1
39,1,12,1
39,13,2,1
39,7,7,1
39,1,11,1
39,8,7,1
39,6,7,1
39,2,11,1
39,1,11,1
39,2,13,1
39,2,13,1
39,1,12,1
39,1,13,1
39,3,2,1
39,7,7,1
39,2,2,1
39,7,7,1
39,2,2,1
39,12,2,1
39,6,8,1
39,12,2,1
39,2,12,1
39,2,2,1
39,12,2,1
39,0,12,1
39,12,2,1
39,2,2,1
39,2,2,1
39,2,13,1
39,1,13,1
39,12,2,1
39,3,1,1
39,2,12,1
39,12,2,1
39,2,12,1
39,12,2,1
39,2,13,1
39,12,2,1
39,2,12,1
39,2,12,1
39,2,1,1
39,12,2,1
39,12,2,1
39,2,2,1
39,1,11,1
39,2,13,1
39,2,11,1
39,12,2,1
39,2,2,1
39,2,2,1
39,2,2,1
39,7,7,1
39,2,1,1
39,8,6,1
39,12,2,1
39,3,2,1
39,12,2,1
39,12,1,1
39,12,2,1
39,2,12,1
39,2,2,1
39,8,6,1
39,7,7,1
39,12,2,1
39,7,6,1
39,12,12,1
39,13,13,1
39,12,12,1
39,12,11,1
39,13,12,1
39,12,12,1
40,12,2,1
40,2,11,1
40,2,11,1
40,2,12,1
40,2,12,1
40,7,7,1
40,2,1,1
40,1,11,1
40,2,2,1
40,12,2,1
40,8,7,1
40,7,7,1
40,7,7,1
40,8,8,1
40,12,2,1
40,12,2,1
40,8,7,1
40,12,12,1
40,12,13,1
40,12,12,1
40,12,12,1
40,12,12,1
40,11,12,1
40,12,12,1
40,13,13,1
40,12,12,1
40,12,12,1
40,11,11,1
40,13,13,1
40,12,12,1
40,12,12,1
40,12,12,1
40,12,11,1
40,12,12,1
40,12,11,1
40,12,12,1
40,13,13,1
40,13,13,1
40,12,11,1
40,12,12,1
40,12,12,1
40,12,12,1
40,12,12,1
40,12,12,1
40,12,11,1
40,12,12,1
40,12,12,1
40,12,13,1
40,11,11,1
40,12,12,1
40,12,12,1
40,12,12,1
40,12,12,1
40,13,13,1
40,12,13,1
40,12,11,1
40,12,12,1
40,12,12,1
40,12,11,1
40,12,12,1
40,12,12,1
40,11,12,1
40,12,12,1
40,12,12,1
40,11,12,1
40,12,13,1
40,13,13,1
40,11,11,1
40,12,11,1
40,13,13,1
40,12,12,1
40,12,13,1
40,12,11,1
40,12,12,1
40,11,12,1
40,13,12,1
40,12,12,1
40,12,12,1
40,13,13,1
40,12,13,1
40,13,13,1
40,12,13,1
40,12,13,1
40,13,13,1
40,12,12,1
40,12,12,1
40,12,13,1
40,12,12,1
40,12,12,1
40,12,12,1
41,12,1,1
41,1,2,1
41,2,13,1
41,12,2,1
41,1,13,1
41,12,2,1
41,2,12,1
41,12,2,1
41,2,11,1
41,2,3,1
41,7,7,1
41,12,2,1
41,7,7,1
41,12,2,1
41,12,3,1
41,2,2,1
41,1,1,1
41,12,3,1
41,2,2,1
41,12,2,1
41,2,2,1
41,1,13,1
41,1,2,1
41,12,1,1
41,7,6,1
41,12,11,1
41,12,13,1
41,12,12,1
41,12,12,1
41,12,12,1
41,12,12,1
41,13,13,1
41,12,13,1
41,12,13,1
41,12,11,1
41,12,13,1
41,12,12,1
41,12,12,1
41,12,12,1
41,12,13,1
41,12,12,1
41,12,12,1
41,12,12,1
41,12,12,1
41,13,13,1
41,12,12,1
41,12,12,1
41,11,11,1
41,12,12,1
41,12,12,1
41,12,11,1
41,12,12,1
41,12,12,1
41,12,12,1
41,12,12,1
41,12,13,1
41,12,12,1
41,12,12,1
41,12,13,1
41,12,12,1
41,12,12,1
41,12,12,1
41,12,12,1
41,12,12,1
41,13,12,1
41,12,13,1
41,12,11,1
41,12,12,1
41,12,12,1
41,12,12,1
41,12,12,1
41,11,11,1
41,11,11,1
41,12,12,1
41,12,12,1
41,12,12,1
41,12,12,1
41,12,12,1
41,12,12,1
41,12,12,1
41,12,12,1
41,12,12,1
41,11,11,1
42,7,7,1
42,2,12,1
42,7,7,1
42,8,7,1
42,2,2,1
42,12,2,1
42,12,1,1
42,12,2,1
42,7,7,1
42,12,2,1
42,7,8,1
42,12,2,1
42,2,12,1
42,12,2,1
42,1,12,1
42,12,2,1
42,6,7,1
42,12,3,1
42,1,2,1
42,2,12,1
42,2,13,1
42,0,13,1
42,2,1,1
42,6,8,1
42,7,7,1
42,12,2,1
42,3,2,1
42,12,12,1
42,12,12,1
42,12,12,1
42,12,12,1
42,12,11,1
42,12,12,1
42,12,12,1
42,12,12,1
42,12,12,1
42,12,12,1
42,12,12,1
42,11,11,1
42,12,11,1
42,12,12,1
42,12,12,1
42,12,12,1
42,12,12,1
42,12,12,1
42,13,13,1
42,12,11,1
42,13,13,1
42,12,12,1
42,12,12,1
42,12,11,1
42,12,12,1
42,12,12,1
42,12,12,1
42,12,12,1
42,12,12,1
42,12,12,1
42,12,12,1
42,12,13,1
42,13,13,1
42,12,12,1
42,13,13,1
42,13,13,1
42,12,12,1
42,12,11,1
42,12,12,1
42,12,12,1
43,2,2,1
43,2,2,1
43,12,2,1
43,7,7,1
43,8,7,1
43,1,2,1
43,12,2,1
43,2,1,1
43,8,7,1
43,12,1,1
43,6,8,1
43,7,8,1
43,12,2,1
43,2,2,1
43,2,12,1
43,2,12,1
43,3,11,1
43,12,2,1
43,2,12,1
43,12,2,1
43,12,2,1
43,7,7,1
43,12,11,1
43,12,12,1
43,12,12,1
43,12,12,1
43,12,12,1
43,12,12,1
43,12,12,1
43,13,12,1
43,12,12,1
43,12,12,1
43,12,12,1
43,12,12,1
43,12,12,1
43,11,12,1
43,13,12,1
43,12,12,1
43,12,12,1
43,12,12,1
43,12,12,1
43,12,12,1
43,12,12,1
43,13,13,1
43,12,13,1
43,12,12,1
43,12,12,1
43,12,12,1
43,12,12,1
43,12,12,1
43,12,12,1
43,12,12,1
43,12,12,1
44,2,2,1
44,2,12,1
44,1,11,1
44,12,2,1
44,2,11,1
44,7,7,1
44,3,2,1
44,7,7,1
44,3,2,1
44,12,2,1
44,12,2,1
44,12,2,1
44,2,2,1
44,1,12,1
44,2,12,1
44,12,2,1
44,12,2,1
44,7,7,1
44,2,12,1
44,1,12,1
44,1,11,1
44,1,12,1
44,2,1,1
44,2,2,1
44,3,2,1
44,12,2,1
44,2,2,1
44,6,7,1
44,2,2,1
44,3,3,1
44,7,7,1
44,2,11,1
44,12,2,1
44,12,2,1
44,2,2,1
44,12,13,1
44,12,12,1
44,12,13,1
44,12,12,1
44,12,12,1
44,13,13,1
44,13,13,1
44,12,12,1
44,11,10,1
44,12,12,1
44,11,12,1
44,12,12,1
44,11,12,1
44,12,13,1
44,13,13,1
44,11,11,1
44,12,12,1
44,13,13,1
44,13,13,1
44,12,12,1
44,12,12,1
44,13,13,1
44,12,13,1
44,11,12,1
44,12,12,1
44,12,12,1
44,13,13,1
44,13,13,1
44,12,13,1
44,12,13,1
44,12,12,1
44,12,12,1
44,11,11,1
44,12,12,1
44,12,13,1
44,13,13,1
44,11,11,1
44,12,12,1
44,12,12,1
44,12,12,1
44,12,12,1
44,12,12,1
44,12,12,1
44,12,11,1
44,12,12,1
44,12,12,1
44,12,12,1
44,12,12,1
44,11,12,1
44,12,12,1
44,12,12,1
44,13,13,1
44,12,13,1
44,12,12,1
44,12,12,1
44,11,11,1
44,12,12,1
44,12,12,1
45,12,2,1
45,6,7,1
45,2,2,1
45,12,2,1
45,12,2,1
45,2,2,1
45,6,8,1
45,1,13,1
45,2,2,1
45,11,11,1
45,12,11,1
45,12,12,1
45,12,12,1
45,12,12,1
45,12,12,1
45,12,12,1
45,12,13,1
45,12,12,1
45,12,11,1
45,12,12,1
45,12,12,1
45,12,11,1
45,11,12,1
45,12,13,1
45,12,12,1
45,12,13,1
45,12,12,1
45,12,13,1
46,7,7,1
46,1,13,1
46,12,12,1
46,12,12,1
46,13,13,1
46,12,12,1
46,12,12,1
46,12,13,1
46,13,13,1
46,12,12,1
46,12,12,1
46,12,13,1
46,12,13,1
46,12,12,1
46,12,12,1
46,12,13,1
46,13,13,1
46,12,11,1
46,12,12,1
46,12,12,1
46,12,12,1
46,12,12,1
46,13,13,1
46,11,11,1
46,12,13,1
46,12,12,1
46,12,12,1
46,11,11,1
46,12,12,1
46,12,12,1
46,12,12,1
46,12,12,1
46,12,12,1
46,12,12,1
46,12,11,1
46,12,12,1
46,11,11,1
46,12,12,1
46,11,11,1
46,12,12,1
46,13,13,1
46,12,12,1
46,12,12,1
46,12,12,1
46,12,12,1
46,12,11,1
46,11,12,1
46,13,13,1
46,12,12,1
46,12,12,1
46,12,12,1
46,12,12,1
46,12,11,1
46,12,12,1
46,12,12,1
46,12,12,1
46,12,12,1
46,12,12,1
46,12,12,1
47,2,2,1
47,2,2,1
47,12,2,1
47,12,2,1
47,2,2,1
47,7,8,1
47,2,12,1
47,2,2,1
47,2,2,1
47,12,12,1
47,12,12,1
48,12,2,1
48,3,2,1
48,3,13,1
48,7,7,1
48,2,12,1
48,13,2,1
48,2,3,1
48,6,7,1
48,3,1,1
48,3,2,1
48,2,13,1
48,6,7,1
48,1,12,1
48,2,2,1
48,1,2,1
48,12,2,1
48,3,12,1
48,1,12,1
48,12,2,1
48,12,2,1
48,2,12,1
48,1,12,1
48,6,7,1
48,6,7,1
48,6,7,1
48,7,7,1
48,12,2,1
48,2,12,1
48,2,11,1
48,2,3,1
48,12,2,1
48,12,2,1
48,7,7,1
48,2,12,1
48,7,6,1
48,7,7,1
48,2,2,1
48,12,11,1
48,12,12,1
48,12,12,1
48,12,12,1
48,12,12,1
48,12,12,1
48,13,13,1
48,12,12,1
48,12,13,1
48,12,11,1
48,12,13,1
48,12,11,1
48,12,13,1
48,12,12,1
48,12,11,1
48,12,12,1
48,12,12,1
48,12,12,1
48,13,13,1
48,12,12,1
49,12,1,1
49,3,2,1
49,8,8,1
49,12,2,1
49,3,2,1
49,3,1,1
49,2,2,1
49,7,7,1
49,7,7,1
49,7,7,1
49,2,3,1
49,7,7,1
49,3,2,1
49,2,2,1
49,2,13,1
49,13,2,1
49,12,2,1
49,2,12,1
49,7,8,1
49,12,2,1
49,2,12,1
49,7,7,1
49,2,12,1
49,2,2,1
49,6,7,1
49,7,7,1
49,7,8,1
49,12,2,1
49,12,2,1
49,1,12,1
49,6,7,1
49,12,2,1
49,3,2,1
49,3,2,1
49,2,2,1
49,7,6,1
49,2,12,1
49,1,12,1
49,2,12,1
49,2,2,1
49,12,2,1
49,2,13,1
49,7,7,1
49,7,7,1
49,3,3,1
49,12,2,1
49,13,2,1
49,2,12,1
49,3,12,1
49,2,12,1
49,7,7,1
49,12,2,1
49,2,2,1
49,7,8,1
49,12,2,1
49,2,2,1
49,7,8,1
49,12,2,1
49,1,13,1
49,7,8,1
49,1,1,1
49,12,2,1
49,12,1,1
49,2,1,1
49,2,1,1
49,12,2,1
49,8,7,1
49,7,7,1
49,1,12,1
49,12,2,1
49,6,8,1
49,2,12,1
49,12,12,1
49,12,12,1
49,12,12,1
49,12,12,1
49,12,12,1
49,12,12,1
49,12,12,1
49,12,12,1
49,12,12,1
49,12,12,1
49,12,12,1
49,12,12,1
49,11,11,1
50,7,7,1
50,2,2,1
50,2,13,1
50,12,2,1
50,1,12,1
50,7,7,1
50,1,2,1
50,7,8,1
50,2,2,1
50,12,2,1
50,1,12,1
50,6,7,1
50,7,7,1
50,1,12,1
50,2,11,1
50,12,2,1
50,12,2,1
50,2,11,1
50,7,7,1
50,2,12,1
50,12,2,1
50,7,6,1
50,2,13,1
50,2,13,1
50,7,7,1
50,2,2,1
50,1,12,1
50,7,7,1
50,1,1,1
50,12,2,1
50,12,2,1
50,1,12,1
50,2,2,1
50,12,2,1
50,3,3,1
50,7,7,1
50,12,2,1
50,12,2,1
50,7,7,1
50,2,3,1
50,1,2,1
50,2,13,1
50,3,2,1
50,12,2,1
50,7,7,1
50,1,12,1
50,12,11,1
50,12,12,1
50,12,12,1
50,12,12,1
50,12,12,1
50,12,11,1
50,12,12,1
50,12,12,1
50,12,12,1
50,12,11,1
51,6,7,0
51,12,2,0
51,1,2,0
51,7,7,0
51,12,2,0
51,12,2,0
51,3,2,0
51,12,2,0
51,2,2,0
51,12,2,0
51,7,7,0
51,12,2,0
51,1,12,0
51,2,13,0
51,12,2,0
51,12,2,0
51,1,2,0
51,2,11,0
51,7,7,0
51,2,1,0
51,1,12,0
51,7,8,0
51,2,2,0
51,7,8,0
51,2,12,0
51,12,1,0
51,12,2,0
51,7,7,0
51,12,2,0
51,2,2,0
51,7,6,0
51,2,2,0
51,12,2,0
51,2,2,0
51,1,2,0
51,1,2,0
51,12,2,0
51,2,3,0
51,2,12,0
51,6,6,0
51,0,12,0
51,2,13,0
51,2,2,0
51,1,12,0
51,2,2,0
51,7,6,0
51,7,8,0
51,7,7,0
51,1,2,0
51,12,2,0
51,7,8,0
51,1,12,0
51,2,3,0
51,1,12,0
51,2,13,0
51,2,2,0
51,12,1,0
51,12,2,0
51,2,12,0
51,3,12,0
52,2,12,0
52,2,2,0
52,12,2,0
52,12,2,0
52,2,2,0
52,2,1,0
52,8,7,0
52,12,2,0
52,7,7,0
52,12,2,0
52,7,7,0
52,1,2,0
52,6,8,0
52,12,2,0
52,12,2,0
52,12,2,0
52,3,2,0
52,2,12,0
52,1,2,0
52,12,2,0
52,2,12,0
52,12,2,0
52,6,8,0
52,2,2,0
52,1,12,0
52,6,7,0
52,12,2,0
52,2,2,0
52,6,7,0
52,1,13,0
52,2,12,0
52,7,6,0
52,2,13,0
52,6,7,0
52,12,2,0
52,1,12,0
52,12,2,0
52,1,2,0
52,2,2,0
52,12,2,0
52,7,7,0
52,12,2,0
52,12,2,0
52,1,2,0
52,3,12,0
52,7,6,0
52,7,7,0
52,1,12,0
52,2,3,0
52,1,2,0
52,3,2,0
52,12,2,0
52,12,2,0
52,7,6,0
52,2,2,0
52,3,3,0
52,1,12,0
52,12,2,0
52,2,2,0
52,12,2,0
52,7,7,0
52,2,12,0
52,2,2,0
52,1,13,0
52,1,12,0
52,7,7,0
52,12,2,0
52,7,7,0
52,12,2,0
52,2,12,0
52,2,12,0
52,12,2,0
52,1,2,0
52,3,3,0
52,7,8,0
52,7,7,0
52,12,2,0
52,2,2,0
52,12,2,0
52,8,7,0
52,2,3,0
52,3,12,0
52,2,2,0
52,7,7,0
52,2,11,0
52,12,2,0
52,2,13,0
52,2,2,0
52,12,2,0
52,1,12,0
52,2,12,0
52,6,7,0
52,12,2,0
53,12,2,0
53,12,2,0
53,2,13,0
53,7,7,0
53,12,2,0
53,2,12,0
53,1,13,0
53,12,2,0
53,2,2,0
53,3,3,0
53,3,2,0
53,2,2,0
53,12,1,0
53,2,12,0
53,2,2,0
53,12,3,0
53,2,12,0
53,7,7,0
53,2,2,0
53,13,2,0
53,12,2,0
53,7,7,0
53,7,7,0
53,2,12,0
54,7,6,0
54,2,2,0
54,1,12,0
54,2,2,0
54,12,2,0
54,0,13,0
54,12,2,0
54,6,7,0
54,2,12,0
54,2,13,0
54,2,12,0
54,1,12,0
54,7,7,0
54,3,2,0
54,7,7,0
54,2,2,0
54,7,7,0
54,8,7,0
54,12,2,0
54,3,11,0
55,1,11,0
55,12,2,0
55,7,8,0
55,1,12,0
55,1,11,0
55,2,12,0
55,2,12,0
55,7,7,0
55,2,13,0
55,12,2,0
55,2,2,0
55,12,2,0
55,8,7,0
55,2,2,0
55,12,3,0
55,2,1,0
55,8,8,0
55,12,2,0
55,12,2,0
55,12,2,0
55,3,1,0
55,3,2,0
55,7,6,0
55,2,12,0
55,12,2,0
55,12,2,0
55,1,2,0
55,2,2,0
55,2,13,0
55,2,2,0
55,2,12,0
55,7,6,0
55,12,2,0
55,2,3,0
55,2,2,0
55,12,2,0
55,2,2,0
55,1,2,0
55,2,13,0
55,2,2,0
55,2,2,0
55,2,12,0
55,8,7,0
55,2,2,0
55,12,2,0
55,12,2,0
55,7,8,0
55,2,2,0
55,1,2,0
55,2,2,0
55,2,2,0
55,1,2,0
55,12,2,0
55,12,2,0
55,2,12,0
55,8,7,0
55,8,6,0
55,7,7,0
55,1,12,0
55,7,7,0
55,7,7,0
55,3,2,0
55,3,2,0
55,12,2,0
55,7,7,0
55,12,2,0
55,12,2,0
55,8,7,0
55,7,7,0
55,7,7,0
55,2,12,0
55,12,2,0
55,1,12,0
55,2,2,0
55,12,2,0
55,12,2,0
55,12,2,0
56,1,12,0
56,12,2,0
56,12,2,0
56,12,2,0
56,2,2,0
57,3,2,0
57,12,2,0
57,3,12,0
57,1,12,0
57,8,7,0
57,12,1,0
57,12,2,0
57,12,3,0
57,2,12,0
57,2,2,0
57,2,12,0
57,7,7,0
57,7,7,0
57,12,2,0
57,12,2,0
57,2,12,0
57,12,2,0
57,2,2,0
57,12,2,0
57,7,8,0
57,2,2,0
57,2,11,0
57,1,13,0
57,7,8,0
57,1,2,0
57,8,7,0
57,1,12,0
57,1,1,0
57,2,2,0
57,7,6,0
57,3,13,0
57,12,2,0
57,7,6,0
57,12,2,0
57,1,12,0
57,1,2,0
57,7,7,0
57,12,2,0
57,12,2,0
57,8,7,0
57,1,13,0
57,1,12,0
57,7,7,0
57,12,2,0
57,2,2,0
57,7,7,0
57,2,11,0
57,8,7,0
57,2,2,0
57,2,1,0
57,3,2,0
57,12,2,0
57,7,8,0
57,12,2,0
57,1,3,0
57,12,2,0
57,12,2,0
57,7,7,0
57,12,2,0
57,8,6,0
57,12,2,0
57,12,2,0
57,7,7,0
57,12,1,0
57,12,2,0
57,2,2,0
57,1,13,0
57,2,2,0
57,2,12,0
57,6,7,0
57,7,7,0
57,7,6,0
57,12,2,0
57,12,2,0
57,12,2,0
57,2,13,0
57,2,2,0
57,7,6,0
57,1,12,0
57,1,13,0
57,6,7,0
57,8,6,0
57,2,2,0
57,12,2,0
57,2,13,0
57,8,8,0
57,8,6,0
57,3,3,0
57,2,2,0
57,12,3,0
57,12,2,0
57,2,2,0
58,1,13,0
58,1,13,0
58,2,2,0
58,7,7,0
58,2,2,0
58,12,2,0
58,2,12,0
58,3,1,0
58,2,2,0
58,1,12,0
58,2,12,0
58,2,12,0
58,2,12,0
58,2,2,0
58,2,2,0
58,12,3,0
58,2,13,0
58,2,3,0
58,2,12,0
58,7,7,0
58,1,2,0
58,2,2,0
58,7,8,0
58,2,11,0
58,2,12,0
58,12,2,0
58,12,2,0
58,2,12,0
58,1,1,0
58,2,2,0
58,2,12,0
58,12,2,0
58,2,2,0
58,6,7,0
58,12,2,0
58,2,2,0
58,12,2,0
58,7,8,0
58,2,2,0
58,2,13,0
58,12,1,0
59,1,12,0
59,2,12,0
59,12,2,0
59,7,6,0
59,2,2,0
59,3,2,0
59,3,2,0
59,7,7,0
59,1,12,0
59,12,2,0
59,12,2,0
59,1,11,0
59,1,12,0
59,2,2,0
59,12,2,0
59,2,3,0
59,12,2,0
59,2,12,0
59,2,2,0
59,2,13,0
59,8,7,0
59,6,7,0
59,12,2,0
59,2,1,0
59,2,13,0
59,12,2,0
59,2,2,0
59,2,2,0
59,7,7,0
59,2,2,0
59,7,8,0
59,1,2,0
59,12,2,0
59,2,12,0
59,2,11,0
60,6,7,0
60,7,7,0
60,7,7,0
60,7,7,0
61,12,2,0
61,12,1,0
61,8,8,0
61,12,2,0
61,2,3,0
61,2,12,0
61,7,7,0
61,12,2,0
61,12,2,0
61,1,12,0
61,2,11,0
61,2,2,0
61,12,2,0
61,2,2,0
61,6,7,0
61,12,2,0
61,12,2,0
61,2,1,0
61,1,12,0
61,2,12,0
61,12,2,0
61,2,2,0
61,2,2,0
61,2,11,0
61,2,2,0
61,6,7,0
61,8,7,0
61,7,8,0
61,3,13,0
61,8,7,0
61,7,7,0
61,7,8,0
61,12,2,0
61,7,7,0
61,7,7,0
61,12,2,0
61,7,7,0
61,12,2,0
61,1,12,0
61,7,7,0
61,7,6,0
61,1,12,0
61,1,12,0
61,7,6,0
61,2,2,0
61,2,12,0
61,7,7,0
61,1,12,0
61,2,12,0
61,2,13,0
61,8,6,0
61,12,2,0
61,3,12,0
61,2,13,0
61,1,13,0
61,3,2,0
61,2,2,0
61,12,1,0
61,2,2,0
61,7,7,0
61,7,7,0
61,2,12,0
61,1,12,0
61,1,13,0
61,2,2,0
61,2,3,0
61,12,2,0
61,2,12,0
61,7,7,0
61,7,7,0
61,2,2,0
61,2,13,0
61,8,7,0
61,2,11,0
61,1,2,0
61,2,12,0
61,12,2,0
61,7,7,0
61,12,2,0
61,2,11,0
61,2,13,0
61,2,2,0
61,2,2,0
61,12,2,0
62,7,7,0
62,2,2,0
62,2,1,0
62,7,7,0
62,1,12,0
62,7,7,0
62,1,13,0
62,2,13,0
62,3,2,0
62,7,8,0
62,1,2,0
62,7,7,0
62,12,2,0
62,7,8,0
62,6,7,0
62,12,2,0
62,1,12,0
62,1,12,0
62,2,2,0
62,1,2,0
62,3,12,0
62,12,2,0
62,8,7,0
62,2,2,0
62,12,2,0
62,12,2,0
62,7,7,0
62,2,2,0
62,2,13,0
62,6,7,0
62,2,2,0
62,2,12,0
62,2,12,0
62,12,2,0
62,12,2,0
62,1,2,0
62,12,2,0
62,12,2,0
62,7,7,0
62,2,2,0
62,12,2,0
62,12,3,0
62,7,7,0
62,1,3,0
62,7,7,0
62,12,2,0
62,2,12,0
62,12,2,0
62,6,7,0
62,2,1,0
62,1,12,0
62,1,2,0
62,2,2,0
62,2,2,0
62,2,12,0
62,3,2,0
62,7,7,0
62,7,8,0
62,8,6,0
62,7,7,0
62,13,2,0
62,2,2,0
62,1,2,0
62,1,12,0
62,1,12,0
62,2,2,0
62,12,2,0
62,2,2,0
62,1,11,0
62,2,2,0
62,2,2,0
62,1,13,0
62,2,2,0
62,3,2,0
62,8,7,0
62,1,2,0
62,7,7,0
62,2,2,0
62,7,8,0
62,7,6,0
62,2,2,0
62,3,2,0
62,8,8,0
62,1,13,0
62,2,12,0
62,7,8,0
62,7,7,0
62,1,12,0
62,12,1,0
62,12,2,0
62,12,2,0
62,3,2,0
62,2,2,0
62,2,1,0
63,8,6,0
63,12,2,0
63,3,13,0
63,12,2,0
63,12,2,0
63,2,13,0
63,7,6,0
63,1,12,0
63,1,2,0
63,2,12,0
63,12,2,0
63,2,11,0
63,2,2,0
63,12,2,0
63,2,3,0
63,7,7,0
63,7,7,0
63,12,2,0
63,2,12,0
63,1,12,0
63,7,8,0
63,2,12,0
63,12,2,0
64,2,2,0
64,7,7,0
64,12,2,0
64,1,12,0
64,2,2,0
64,12,2,0
64,2,12,0
64,12,2,0
64,7,8,0
64,7,7,0
64,2,12,0
64,12,2,0
64,0,11,0
64,3,12,0
64,3,12,0
64,7,7,0
64,12,2,0
64,12,2,0
64,6,7,0
64,11,2,0
64,7,7,0
64,3,3,0
64,2,2,0
64,12,2,0
64,6,7,0
64,2,2,0
64,12,2,0
64,3,2,0
64,3,2,0
64,7,7,0
64,7,7,0
64,2,11,0
64,7,7,0
64,8,7,0
64,2,2,0
64,7,7,0
64,2,2,0
64,3,2,0
64,12,2,0
64,1,12,0
64,1,12,0
64,8,7,0
64,12,2,0
64,2,2,0
64,2,2,0
64,7,7,0
64,12,2,0
64,12,2,0
64,0,13,0
64,12,2,0
64,7,7,0
64,2,1,0
64,2,1,0
64,2,2,0
64,2,2,0
64,1,12,0
64,12,2,0
64,3,2,0
64,1,13,0
64,1,2,0
65,12,2,0
65,2,2,0
65,12,2,0
65,12,2,0
65,2,2,0
65,12,2,0
65,2,2,0
65,2,2,0
65,7,6,0
65,1,2,0
65,3,3,0
65,2,2,0
65,12,2,0
65,2,2,0
65,12,2,0
65,12,2,0
65,2,2,0
65,7,6,0
65,2,2,0
65,7,7,0
65,7,6,0
65,12,2,0
65,3,2,0
65,8,7,0
65,12,2,0
65,6,7,0
65,2,2,0
65,1,12,0
65,7,7,0
65,8,7,0
65,2,1,0
65,8,7,0
65,12,2,0
65,2,13,0
65,3,2,0
65,2,2,0
65,2,12,0
65,12,2,0
65,12,2,0
65,2,2,0
65,7,8,0
65,2,2,0
65,1,12,0
65,13,2,0
65,8,6,0
66,1,12,0
66,2,12,0
66,12,2,0
66,7,8,0
66,7,7,0
66,1,2,0
66,2,13,0
66,3,13,0
66,7,7,0
66,2,2,0
66,3,2,0
66,7,7,0
66,12,2,0
66,12,2,0
66,2,2,0
66,12,3,0
66,2,12,0
66,1,13,0
66,2,2,0
66,12,2,0
66,12,2,0
66,12,2,0
66,7,7,0
66,6,7,0
66,2,2,0
66,2,12,0
66,6,8,0
66,8,7,0
66,2,13,0
66,6,7,0
66,1,12,0
66,12,1,0
66,12,2,0
66,8,6,0
66,12,2,0
66,8,8,0
66,2,12,0
66,12,2,0
66,2,2,0
66,7,7,0
66,2,2,0
66,12,1,0
66,6,7,0
66,2,2,0
66,3,12,0
66,1,11,0
66,2,3,0
66,12,2,0
66,2,2,0
66,7,7,0
66,6,7,0
66,2,12,0
66,2,1,0
66,2,13,0
66,3,2,0
66,12,2,0
66,7,7,0
66,12,2,0
66,7,7,0
66,1,12,0
66,1,12,0
66,1,11,0
66,7,7,0
66,12,2,0
66,12,2,0
66,8,6,0
66,1,2,0
66,12,2,0
66,2,13,0
66,2,2,0
66,9,6,0
66,8,7,0
66,2,12,0
66,7,7,0
67,7,7,0
67,2,12,0
67,7,7,0
67,12,2,0
67,1,12,0
67,12,2,0
67,8,6,0
67,2,2,0
67,2,12,0
67,12,2,0
67,12,2,0
67,7,7,0
67,2,11,0
67,12,2,0
67,7,7,0
67,12,3,0
67,2,3,0
67,1,13,0
67,6,7,0
67,2,2,0
67,2,12,0
67,12,2,0
67,2,2,0
67,1,2,0
67,1,12,0
67,7,7,0
67,2,2,0
67,2,12,0
67,2,13,0
67,8,8,0
67,12,2,0
67,1,3,0
67,8,7,0
67,6,7,0
67,8,7,0
67,3,2,0
67,2,12,0
67,2,12,0
67,2,13,0
67,2,2,0
67,2,2,0
67,12,2,0
67,12,1,0
67,7,8,0
67,12,2,0
67,1,12,0
67,1,11,0
67,12,2,0
67,2,12,0
67,7,7,0
67,12,2,0
67,12,2,0
67,2,2,0
67,7,8,0
67,12,2,0
67,2,1,0
67,7,7,0
67,7,7,0
67,1,2,0
67,7,6,0
67,3,2,0
67,13,2,0
67,12,1,0
67,2,2,0
67,2,2,0
67,1,2,0
67,6,7,0
67,7,7,0
67,11,2,0
67,2,3,0
67,7,7,0
67,1,12,0
67,2,2,0
67,12,1,0
67,6,8,0
67,3,12,0
67,8,7,0
67,12,2,0
68,2,2,0
68,12,1,0
68,7,7,0
68,2,13,0
68,2,13,0
68,1,12,0
68,2,11,0
68,3,2,0
68,12,2,0
68,12,2,0
68,1,12,0
68,1,12,0
68,1,13,0
68,12,2,0
68,1,12,0
68,3,12,0
68,2,12,0
68,3,12,0
68,3,12,0
68,3,12,0
68,2,12,0
68,7,6,0
68,2,2,0
68,12,2,0
68,8,7,0
68,12,2,0
68,2,12,0
68,7,8,0
68,6,6,0
68,2,12,0
68,1,11,0
68,2,3,0
68,7,7,0
68,12,2,0
68,2,12,0
68,2,1,0
68,12,2,0
68,7,7,0
68,3,3,0
68,2,12,0
68,3,11,0
68,7,7,0
68,12,2,0
68,2,12,0
68,7,7,0
68,1,13,0
68,12,2,0
68,2,13,0
68,12,2,0
68,13,2,0
68,2,2,0
68,12,2,0
68,1,12,0
69,6,7,0
69,7,8,0
69,7,7,0
69,7,7,0
69,12,2,0
69,1,2,0
69,7,7,0
69,1,12,0
69,7,7,0
69,12,2,0
69,2,3,0
69,1,11,0
69,2,12,0
69,2,2,0
69,2,2,0
69,2,2,0
69,12,2,0
69,12,2,0
69,12,2,0
69,6,7,0
69,12,2,0
69,2,12,0
69,1,2,0
69,12,2,0
69,12,2,0
69,7,6,0
69,12,2,0
69,2,12,0
69,12,2,0
69,3,2,0
69,7,7,0
69,2,12,0
69,7,7,0
69,2,12,0
69,1,2,0
69,2,1,0
69,12,2,0
69,2,2,0
69,2,13,0
69,12,2,0
69,12,2,0
69,1,2,0
69,12,2,0
69,8,7,0
69,3,11,0
69,1,11,0
69,1,13,0
69,3,2,0
69,2,2,0
69,1,1,0
69,7,6,0
69,2,2,0
69,2,2,0
70,7,8,0
70,2,2,0
70,12,2,0
70,12,2,0
70,7,7,0
70,12,2,0
70,8,7,0
70,3,3,0
70,6,9,0
70,2,2,0
70,7,7,0
70,7,6,0
70,6,8,0
70,12,1,0
70,7,7,0
70,2,2,0
70,12,2,0
70,3,2,0
70,12,2,0
70,7,7,0
70,1,2,0
70,3,2,0
70,2,2,0
70,1,2,0
70,12,2,0
70,2,13,0
70,12,2,0
70,2,2,0
70,12,2,0
70,2,13,0
70,2,2,0
70,2,14,0
70,3,2,0
70,2,12,0
70,1,2,0
70,1,12,0
70,8,7,0
70,3,12,0
70,1,13,0
70,7,7,0
70,7,7,0
70,2,11,0
70,7,7,0
70,1,12,0
70,7,8,0
70,2,3,0
70,12,2,0
70,12,2,0
70,7,7,0
70,12,2,0
70,12,2,0
71,12,2,0
71,1,2,0
71,3,3,0
71,2,2,0
71,2,13,0
71,7,7,0
71,12,2,0
71,7,7,0
71,2,13,0
71,2,12,0
71,2,12,0
71,7,7,0
71,8,6,0
71,2,3,0
71,12,2,0
71,2,3,0
71,2,12,0
71,7,7,0
71,2,13,0
71,1,12,0
71,1,13,0
71,2,2,0
71,2,2,0
71,2,0,0
71,1,12,0
71,6,8,0
71,2,2,0
71,2,2,0
71,7,7,0
71,2,2,0
71,8,7,0
71,2,2,0
71,2,2,0
71,8,7,0
71,12,2,0
71,2,2,0
71,12,2,0
71,12,3,0
71,2,2,0
71,7,6,0
71,7,6,0
71,2,2,0
71,6,8,0
71,7,7,0
71,2,12,0
71,12,2,0
71,7,7,0
71,12,3,0
71,7,7,0
71,7,7,0
71,2,2,0
71,1,12,0
71,12,2,0
71,3,13,0
71,2,2,0
71,8,7,0
71,2,2,0
71,12,2,0
72,12,2,0
72,1,13,0
72,2,11,0
72,12,2,0
72,12,2,0
72,2,13,0
72,1,12,0
72,1,12,0
72,2,2,0
72,2,13,0
72,8,8,0
72,12,2,0
72,2,12,0
72,12,2,0
72,7,7,0
72,2,2,0
72,6,7,0
72,2,12,0
72,6,7,0
73,12,2,0
73,1,3,0
73,2,1,0
73,12,2,0
73,3,1,0
73,3,1,0
73,2,2,0
74,2,12,0
74,7,6,0
74,1,2,0
74,2,2,0
74,2,1,0
74,7,7,0
74,1,12,0
74,2,11,0
74,2,12,0
74,7,7,0
74,12,2,0
74,8,6,0
74,12,1,0
74,2,2,0
74,3,1,0
74,12,2,0
74,7,7,0
74,2,3,0
74,1,12,0
74,12,2,0
74,2,12,0
74,7,8,0
74,12,2,0
74,12,3,0
74,7,7,0
74,3,12,0
74,2,2,0
74,2,11,0
74,7,6,0
74,1,13,0
74,12,3,0
74,2,2,0
74,2,11,0
74,7,7,0
74,2,2,0
74,7,7,0
74,12,2,0
74,2,3,0
74,7,7,0
74,7,7,0
74,1,12,0
74,12,2,0
74,2,12,0
74,2,2,0
74,12,2,0
74,2,11,0
74,2,12,0
74,12,2,0
74,12,2,0
74,2,2,0
74,2,1,0
74,3,12,0
74,7,7,0
74,12,2,0
74,12,2,0
74,0,13,0
74,12,2,0
74,1,2,0
74,12,2,0
74,12,3,0
74,2,2,0
75,2,2,0
75,12,2,0
75,2,12,0
75,2,12,0
75,1,2,0
75,12,2,0
75,2,2,0
75,2,2,0
75,7,7,0
75,2,1,0
75,12,2,0
75,2,12,0
75,13,2,0
75,12,2,0
75,2,12,0
75,1,13,0
75,2,11,0
76,7,7,0
76,1,2,0
76,8,7,0
76,7,7,0
76,2,12,0
76,12,2,0
76,7,7,0
76,7,6,0
76,12,2,0
76,12,2,0
76,8,7,0
76,2,12,0
76,7,6,0
76,12,2,0
76,2,1,0
76,12,2,0
76,1,12,0
76,1,12,0
76,1,2,0
76,2,12,0
76,7,7,0
76,2,2,0
76,12,2,0
76,7,7,0
76,12,2,0
76,1,2,0
76,2,13,0
76,8,7,0
76,8,8,0
76,7,8,0
76,2,14,0
76,8,8,0
76,2,12,0
76,2,13,0
76,8,6,0
76,2,13,0
76,2,3,0
76,3,2,0
76,12,2,0
76,3,12,0
76,12,2,0
76,12,2,0
76,2,12,0
76,6,7,0
76,12,1,0
76,12,2,0
76,8,7,0
76,1,11,0
77,7,7,0
77,2,2,0
77,12,2,0
77,2,2,0
77,2,11,0
77,1,2,0
77,2,2,0
77,8,7,0
77,2,12,0
77,2,2,0
77,2,12,0
77,1,2,0
77,2,12,0
77,1,12,0
77,12,2,0
77,6,7,0
78,12,2,0
78,2,2,0
78,2,12,0
78,12,2,0
78,2,13,0
78,2,13,0
78,8,7,0
78,2,2,0
78,7,6,0
78,7,6,0
78,6,8,0
78,7,7,0
78,2,12,0
78,2,12,0
78,1,13,0
78,2,11,0
78,12,2,0
78,1,2,0
78,1,12,0
78,3,2,0
78,12,2,0
78,12,2,0
78,8,7,0
78,2,13,0
78,2,2,0
78,8,7,0
78,1,12,0
78,1,2,0
78,8,7,0
78,8,7,0
78,2,12,0
78,12,2,0
78,2,3,0
78,12,2,0
78,2,12,0
78,1,12,0
78,12,2,0
78,1,12,0
78,12,2,0
78,6,7,0
78,2,2,0
78,1,2,0
78,7,8,0
78,2,12,0
78,6,7,0
78,12,2,0
78,12,2,0
78,2,1,0
78,12,2,0
78,7,7,0
78,2,2,0
78,3,2,0
78,2,12,0
78,7,6,0
78,6,8,0
78,7,7,0
79,7,7,0
79,12,2,0
79,12,2,0
79,2,3,0
79,1,12,0
79,7,7,0
79,2,2,0
79,12,1,0
79,12,2,0
79,8,7,0
79,12,2,0
79,2,2,0
79,7,6,0
79,12,2,0
79,12,2,0
79,12,2,0
79,8,7,0
79,7,8,0
79,2,12,0
79,2,13,0
79,7,7,0
79,3,2,0
79,2,2,0
79,1,12,0
79,1,12,0
79,2,12,0
79,2,13,0
79,2,2,0
79,2,2,0
79,1,12,0
79,2,1,0
79,12,3,0
79,12,2,0
79,2,2,0
79,12,2,0
79,2,2,0
79,12,2,0
79,1,12,0
79,12,2,0
79,7,6,0
79,2,12,0
79,1,12,0
79,1,13,0
80,7,7,0
80,2,13,0
80,3,11,0
80,1,12,0
80,12,2,0
80,3,2,0
80,2,12,0
80,12,2,0
80,7,7,0
80,7,7,0
80,7,6,0
80,3,2,0
80,7,7,0
80,7,7,0
80,2,2,0
80,12,2,0
80,12,2,0
80,2,3,0
80,1,12,0
80,12,2,0
80,7,7,0
80,13,2,0
80,2,2,0
80,7,6,0
80,3,12,0
80,12,2,0
80,12,3,0
80,2,2,0
80,2,13,0
80,2,12,0
80,12,2,0
80,3,2,0
80,1,12,0
80,8,8,0
80,2,2,0
80,2,12,0
80,12,2,0
80,7,7,0
80,2,12,0
80,2,2,0
80,7,7,0
80,2,2,0
80,6,7,0
80,12,2,0
80,6,7,0
80,7,7,0
80,2,12,0
80,2,1,0
80,12,2,0
80,2,3,0
80,1,13,0
80,12,2,0
80,2,11,0
80,2,12,0
80,1,1,0
80,6,7,0
80,2,3,0
80,1,12,0
80,1,12,0
80,12,2,0
80,2,2,0
80,2,2,0
80,3,2,0
80,2,2,0
80,8,7,0
80,12,2,0
80,1,12,0
80,1,13,0
80,2,12,0
80,12,2,0
80,7,7,0
80,7,6,0
80,2,2,0
80,3,1,0
80,7,7,0
80,12,2,0
80,1,12,0
80,6,8,0
80,1,13,0
80,1,12,0
80,8,7,0
80,2,12,0
80,7,7,0
80,12,2,0
80,12,2,0
80,12,2,0
80,2,2,0
80,7,6,0
80,2,1,0
80,2,2,0
81,2,12,0
81,6,8,0
81,12,2,0
81,12,2,0
81,8,7,0
81,8,6,0
81,0,12,0
81,7,6,0
81,2,2,0
81,1,2,0
81,7,7,0
81,12,2,0
81,8,8,0
81,1,2,0
81,7,7,0
81,12,1,0
81,2,13,0
81,2,12,0
81,12,2,0
81,1,12,0
81,1,12,0
81,1,1,0
81,1,2,0
81,7,7,0
81,2,2,0
81,12,2,0
81,1,2,0
81,2,2,0
81,2,12,0
81,1,11,0
81,2,2,0
81,2,2,0
81,3,2,0
82,6,7,0
82,2,12,0
82,7,7,0
82,12,2,0
82,2,13,0
82,12,2,0
83,12,2,0
83,1,13,0
83,6,8,0
83,12,2,0
83,7,6,0
83,2,12,0
83,1,1,0
83,6,7,0
83,7,7,0
83,1,2,0
83,1,2,0
83,2,1,0
83,12,2,0
83,1,13,0
83,3,2,0
83,2,12,0
83,8,7,0
83,6,7,0
83,2,11,0
84,1,2,0
84,2,12,0
84,2,1,0
84,7,6,0
84,12,2,0
84,2,12,0
84,12,2,0
84,2,12,0
84,1,11,0
84,12,2,0
84,12,2,0
84,1,2,0
84,12,2,0
84,12,2,0
84,3,2,0
84,7,6,0
84,8,7,0
84,13,2,0
84,6,7,0
85,6,7,0
85,12,2,0
85,6,7,0
85,2,1,0
85,12,2,0
85,7,6,0
85,12,2,0
85,7,7,0
85,12,2,0
85,2,12,0
85,12,2,0
85,12,2,0
85,7,7,0
85,2,2,0
85,12,2,0
85,1,2,0
85,2,1,0
85,12,2,0
85,3,2,0
85,12,2,0
85,2,2,0
85,12,2,0
85,12,2,0
85,2,11,0
85,2,3,0
85,1,12,0
85,2,2,0
85,2,2,0
85,12,2,0
85,2,12,0
85,12,2,0
85,7,7,0
85,6,7,0
85,12,2,0
85,7,7,0
85,2,2,0
85,2,2,0
85,12,1,0
85,3,1,0
85,7,8,0
85,7,7,0
85,1,11,0
85,2,12,0
85,7,7,0
85,2,1,0
85,12,2,0
85,12,2,0
85,13,2,0
85,8,8,0
85,7,6,0
85,2,13,0
85,2,2,0
85,7,7,0
85,2,1,0
85,2,2,0
85,8,6,0
85,1,12,0
85,8,7,0
85,2,2,0
85,1,13,0
85,12,2,0
85,1,12,0
85,2,2,0
85,1,3,0
85,7,8,0
86,8,7,0
86,7,7,0
86,2,13,0
86,7,7,0
86,12,2,0
86,2,11,0
86,8,7,0
86,6,7,0
86,7,7,0
86,6,8,0
86,1,12,0
86,6,8,0
86,1,2,0
86,2,2,0
86,12,1,0
86,12,2,0
86,2,2,0
86,7,7,0
86,12,2,0
86,7,7,0
86,1,2,0
86,2,2,0
86,1,13,0
86,6,7,0
86,3,2,0
86,12,2,0
86,7,8,0
86,2,12,0
86,6,7,0
86,6,6,0
86,7,7,0
86,1,2,0
86,12,2,0
86,2,2,0
86,12,2,0
86,12,2,0
86,1,11,0
86,12,2,0
86,3,2,0
86,1,1,0
86,7,7,0
86,2,12,0
86,12,2,0
86,7,7,0
86,2,12,0
86,12,2,0
86,3,2,0
86,7,7,0
86,12,3,0
86,7,7,0
86,12,2,0
86,1,12,0
86,1,13,0
86,1,12,0
86,1,2,0
86,2,11,0
86,7,7,0
86,12,2,0
86,1,12,0
86,6,7,0
86,1,13,0
86,12,1,0
86,7,6,0
86,2,12,0
86,2,12,0
86,2,11,0
86,12,2,0
86,8,7,0
86,7,8,0
86,2,12,0
86,7,7,0
86,7,7,0
87,1,12,0
87,2,12,0
87,2,2,0
87,2,2,0
87,3,12,0
87,12,2,0
87,0,3,0
87,2,2,0
87,7,8,0
87,12,2,0
87,12,2,0
87,7,7,0
87,1,2,0
87,12,1,0
87,2,2,0
87,2,1,0
87,12,2,0
87,7,7,0
87,12,2,0
87,12,2,0
87,3,12,0
87,7,8,0
87,7,8,0
87,12,2,0
87,7,7,0
87,2,13,0
87,2,2,0
87,6,7,0
87,1,12,0
87,2,2,0
87,4,12,0
87,0,13,0
87,2,2,0
87,7,7,0
87,1,13,0
87,2,2,0
87,8,6,0
87,7,8,0
87,1,2,0
87,2,12,0
87,2,13,0
87,7,7,0
87,3,2,0
87,12,2,0
87,12,2,0
87,2,2,0
87,12,2,0
87,7,7,0
87,2,2,0
87,2,12,0
87,2,2,0
87,2,2,0
87,2,1,0
87,12,1,0
87,2,2,0
87,12,2,0
87,12,2,0
87,1,12,0
87,7,7,0
87,1,2,0
87,2,12,0
87,2,12,0
87,7,7,0
87,2,2,0
87,6,7,0
87,2,12,0
87,12,2,0
87,3,3,0
87,2,11,0
88,2,2,0
88,7,6,0
88,12,2,0
88,2,12,0
88,8,6,0
88,2,2,0
88,7,7,0
88,2,12,0
88,1,2,0
88,12,2,0
88,12,2,0
88,12,2,0
88,11,2,0
88,1,2,0
88,6,7,0
88,7,7,0
88,3,1,0
88,3,12,0
88,8,7,0
88,2,11,0
88,12,2,0
88,2,2,0
88,7,7,0
88,7,8,0
88,2,12,0
88,8,7,0
88,12,2,0
88,2,2,0
88,2,2,0
88,1,12,0
88,2,2,0
88,3,13,0
88,1,13,0
88,2,2,0
89,7,7,0
89,13,2,0
89,7,7,0
89,7,7,0
89,7,7,0
89,12,2,0
89,8,7,0
89,1,12,0
89,2,2,0
89,3,2,0
89,2,2,0
89,2,2,0
89,7,7,0
89,2,2,0
89,7,7,0
89,2,13,0
89,12,2,0
89,3,3,0
89,12,1,0
89,7,7,0
89,2,2,0
89,7,7,0
89,12,2,0
89,3,12,0
89,11,2,0
89,7,7,0
89,12,2,0
89,12,2,0
89,12,2,0
89,2,2,0
89,2,1,0
89,12,2,0
89,12,2,0
89,12,2,0
89,1,12,0
89,2,12,0
89,7,7,0
89,2,13,0
89,2,2,0
89,7,7,0
89,2,2,0
89,7,7,0
89,12,1,0
89,7,7,0
89,8,7,0
89,12,2,0
90,2,12,0
90,2,3,0
90,1,2,0
90,2,2,0
90,2,13,0
90,12,2,0
90,7,7,0
90,3,12,0
90,7,7,0
90,1,11,0
90,12,2,0
90,2,12,0
90,6,7,0
90,2,12,0
90,3,2,0
90,8,8,0
90,2,12,0
90,12,2,0
90,7,8,0
90,2,2,0
90,12,2,0
90,2,12,0
90,1,3,0
90,2,2,0
90,2,1,0
90,12,1,0
90,2,2,0
90,7,8,0
90,2,1,0
90,7,7,0
90,2,2,0
90,7,8,0
90,6,7,0
90,12,2,0
90,2,3,0
90,8,6,0
90,1,1,0
90,12,2,0
90,2,12,0
90,1,12,0
90,2,12,0
90,12,2,0
90,8,6,0
90,12,2,0
90,8,7,0
90,12,2,0
90,7,7,0
90,12,2,0
90,3,2,0
90,8,6,0
90,1,13,0
90,2,12,0
90,7,6,0
90,1,2,0
90,12,2,0
90,2,12,0
90,12,2,0
90,3,12,0
90,13,2,0
90,6,7,0
90,2,12,0
90,1,1,0
90,1,2,0
90,3,13,0
90,12,2,0
90,2,12,0
90,1,12,0
90,2,12,0
90,12,2,0
90,7,7,0
90,12,2,0
90,2,12,0
90,2,2,0
90,2,2,0
90,2,11,0
90,12,2,0
90,1,2,0
90,1,2,0
90,7,7,0
90,12,2,0
90,2,12,0
90,7,9,0
90,2,2,0
90,2,2,0
90,12,2,0
90,2,11,0
90,1,12,0
90,12,2,0
90,12,2,0
90,2,2,0
90,7,8,0
90,12,2,0
90,12,2,0
90,2,12,0
90,2,11,0
90,12,2,0
91,1,11,0
91,7,8,0
91,7,7,0
91,12,2,0
91,2,13,0
91,2,2,0
91,2,2,0
91,7,7,0
91,12,3,0
91,2,2,0
91,12,2,0
91,2,2,0
91,8,6,0
91,2,2,0
91,6,7,0
91,8,7,0
91,1,12,0
91,12,2,0
91,2,2,0
91,12,2,0
91,3,12,0
91,12,2,0
91,2,2,0
91,7,8,0
91,7,7,0
91,2,2,0
91,2,12,0
91,2,2,0
92,2,11,0
92,12,2,0
92,2,12,0
92,7,6,0
92,2,2,0
92,7,8,0
92,7,7,0
92,1,12,0
92,12,2,0
92,12,2,0
92,8,7,0
92,12,2,0
92,2,13,0
92,7,7,0
92,1,12,0
92,2,1,0
92,1,12,0
92,2,1,0
92,12,2,0
92,12,2,0
92,1,12,0
92,12,2,0
92,1,13,0
92,2,2,0
92,12,2,0
92,2,2,0
92,2,2,0
92,12,2,0
92,3,13,0
92,7,8,0
92,1,12,0
92,7,7,0
92,2,2,0
92,12,2,0
92,2,2,0
92,7,7,0
92,7,8,0
92,3,13,0
92,12,2,0
92,2,2,0
92,12,2,0
92,12,2,0
92,6,7,0
92,11,2,0
92,6,7,0
92,3,2,0
92,12,2,0
92,1,12,0
92,12,2,0
92,7,7,0
92,12,2,0
92,12,2,0
92,2,13,0
92,1,2,0
92,12,2,0
92,12,3,0
92,7,8,0
92,7,7,0
92,1,12,0
92,2,2,0
92,1,12,0
92,12,3,0
92,6,8,0
93,7,7,0
93,2,12,0
93,2,2,0
93,1,13,0
93,7,7,0
93,1,12,0
93,2,13,0
93,2,11,0
93,2,2,0
93,2,13,0
94,12,2,0
94,3,2,0
94,2,2,0
94,12,2,0
94,8,8,0
94,7,7,0
94,12,2,0
94,7,7,0
94,2,2,0
94,1,12,0
94,7,7,0
94,1,3,0
94,2,12,0
94,12,2,0
94,2,12,0
94,7,7,0
94,2,11,0
94,12,2,0
94,2,2,0
94,2,12,0
94,1,12,0
94,7,7,0
94,12,2,0
94,2,1,0
94,2,3,0
94,12,2,0
94,1,12,0
94,3,2,0
94,3,12,0
94,12,2,0
94,3,2,0
94,12,2,0
94,7,7,0
94,7,7,0
94,2,13,0
94,1,12,0
94,2,2,0
94,7,7,0
94,12,2,0
94,8,6,0
94,7,7,0
94,2,2,0
94,2,12,0
94,2,2,0
94,7,8,0
94,2,12,0
94,1,13,0
94,12,2,0
94,13,2,0
94,2,2,0
94,2,3,0
94,2,2,0
94,1,2,0
94,12,2,0
94,2,13,0
94,7,7,0
94,7,8,0
94,2,2,0
94,6,7,0
94,12,2,0
94,1,12,0
94,8,7,0
94,7,7,0
94,2,11,0
94,12,2,0
94,2,2,0
94,3,2,0
94,2,12,0
94,12,2,0
94,1,12,0
94,6,7,0
94,2,13,0
94,2,2,0
94,7,7,0
94,2,12,0
94,7,8,0
94,2,12,0
94,12,2,0
94,7,8,0
95,3,1,0
95,12,2,0
95,2,2,0
95,2,13,0
95,7,7,0
95,1,2,0
95,1,2,0
95,2,2,0
95,7,7,0
96,6,7,0
96,7,8,0
96,7,6,0
96,2,2,0
96,2,2,0
96,8,7,0
96,2,2,0
96,12,2,0
96,7,7,0
96,2,12,0
96,2,11,0
96,2,3,0
96,6,7,0
96,2,13,0
96,3,2,0
96,12,2,0
96,1,13,0
96,12,2,0
96,7,7,0
96,2,2,0
96,7,7,0
96,1,12,0
96,12,2,0
96,8,7,0
96,6,7,0
96,7,7,0
96,1,12,0
96,2,2,0
96,12,2,0
96,2,2,0
96,12,2,0
96,12,2,0
96,2,12,0
96,13,2,0
96,2,1,0
96,7,7,0
96,6,7,0
97,12,2,0
97,7,7,0
97,8,8,0
97,2,12,0
97,7,7,0
97,7,7,0
97,2,12,0
97,6,7,0
97,2,2,0
97,1,12,0
97,12,2,0
97,12,1,0
97,2,3,0
98,3,12,0
98,12,2,0
98,2,13,0
98,7,7,0
98,12,2,0
98,1,13,0
98,3,2,0
98,1,12,0
98,7,7,0
98,3,12,0
98,2,12,0
98,7,7,0
98,12,2,0
98,2,12,0
98,2,2,0
98,12,2,0
98,1,3,0
98,1,12,0
98,2,13,0
98,12,2,0
98,7,7,0
98,12,2,0
98,1,11,0
98,1,12,0
98,1,12,0
98,12,2,0
98,7,7,0
98,12,2,0
98,7,7,0
98,8,8,0
98,8,6,0
98,12,2,0
98,1,2,0
98,12,2,0
98,8,7,0
98,2,12,0
98,2,2,0
98,7,8,0
98,2,13,0
98,6,8,0
98,2,12,0
98,1,13,0
98,3,12,0
98,3,2,0
98,12,2,0
98,2,12,0
98,2,2,0
98,2,12,0
98,12,2,0
98,7,7,0
98,2,12,0
98,2,12,0
98,2,2,0
98,7,7,0
98,2,12,0
98,2,12,0
98,2,12,0
98,12,2,0
98,7,7,0
98,12,2,0
98,0,12,0
98,2,11,0
98,7,7,0
98,8,7,0
98,12,2,0
98,2,2,0
98,1,3,0
98,2,2,0
98,12,3,0
98,1,11,0
98,6,8,0
98,7,8,0
98,8,6,0
98,12,2,0
98,3,2,0
98,12,2,0
98,2,13,0
98,3,2,0
98,12,2,0
98,2,2,0
98,2,3,0
98,12,2,0
98,2,2,0
98,1,12,0
98,7,7,0
98,8,6,0
98,2,2,0
98,12,2,0
98,6,7,0
98,12,2,0
98,7,8,0
98,2,2,0
98,7,7,0
98,12,2,0
98,13,2,0
98,7,6,0
99,2,2,0
99,2,12,0
99,1,12,0
99,1,2,0
99,1,2,0
99,7,7,0
99,12,2,0
99,12,1,0
99,2,2,0
99,1,2,0
99,12,2,0
99,12,1,0
99,12,2,0
99,2,1,0
99,12,2,0
99,13,2,0
99,6,7,0
99,12,2,0
99,6,7,0
99,12,2,0
99,8,7,0
99,2,2,0
99,1,12,0
99,1,12,0
99,7,7,0
99,2,3,0
99,7,7,0
99,7,6,0
99,2,2,0
99,1,12,0
99,7,7,0
99,2,12,0
99,12,2,0
99,12,2,0
99,2,2,0
99,1,12,0
99,6,7,0
99,12,2,0
99,8,8,0
99,1,13,0
99,12,2,0
99,2,1,0
99,12,1,0
99,12,2,0
99,7,6,0
99,2,13,0
99,2,11,0
99,12,2,0
99,7,8,0
99,3,2,0
99,7,8,0
99,1,2,0
99,7,7,0
99,12,2,0
99,12,2,0
99,2,2,0
99,2,2,0
99,2,12,0
99,6,7,0
99,1,12,0
99,2,2,0
99,1,2,0
99,12,2,0
99,12,2,0
99,2,2,0
99,1,2,0
99,8,6,0
99,7,7,0
99,2,3,0
99,2,12,0
99,7,7,0
99,12,2,0
99,6,8,0
99,2,2,0
99,12,2,0
99,7,6,0
99,2,2,0
99,7,6,0
99,1,12,0
99,7,7,0
99,1,13,0
99,7,7,0
99,12,2,0
99,12,2,0
99,2,2,0
99,1,2,0
99,12,2,0
99,12,2,0
99,1,12,0
99,2,3,0
99,3,11,0
99,12,2,0
99,1,13,0
99,12,2,0
99,2,2,0
100,7,6,0
100,6,7,0
100,12,2,0
100,7,6,0
100,2,11,0
100,2,2,0
100,2,12,0
100,2,12,0
100,1,13,0
100,7,7,0
100,2,12,0
100,12,2,0
100,3,11,0
100,7,7,0
100,12,3,0
100,7,7,0
100,2,2,0
100,2,13,0
100,1,13,0
100,2,2,0
100,3,12,0
100,2,2,0
100,7,7,0
100,2,12,0
100,2,12,0
100,2,2,0
100,12,2,0